,totalAvailable,city,state,pctAvailable,status,lastUpdated,queryTime
0,0,AGAWAM,MA,0.00%,Fully Booked,2021-02-24T18:35:00.531,2021-02-25 01:38:15.266421
1,0,BOSTON,MA,0.00%,Fully Booked,2021-02-24T18:35:00.531,2021-02-25 01:38:15.266421
2,0,BRAINTREE,MA,0.00%,Fully Booked,2021-02-24T18:35:00.531,2021-02-25 01:38:15.266421
3,0,BROCKTON,MA,0.00%,Fully Booked,2021-02-24T18:35:00.531,2021-02-25 01:38:15.266421
4,0,CAMBRIDGE,MA,0.00%,Fully Booked,2021-02-24T18:35:00.531,2021-02-25 01:38:15.266421
5,0,CHELSEA,MA,0.00%,Fully Booked,2021-02-24T18:35:00.531,2021-02-25 01:38:15.266421
6,0,DEDHAM,MA,0.00%,Fully Booked,2021-02-24T18:35:00.531,2021-02-25 01:38:15.266421
7,0,EAST BOSTON,MA,0.00%,Fully Booked,2021-02-24T18:35:00.531,2021-02-25 01:38:15.266421
8,0,EAST FALMOUTH,MA,0.00%,Fully Booked,2021-02-24T18:35:00.531,2021-02-25 01:38:15.266421
9,0,FALL RIVER,MA,0.00%,Fully Booked,2021-02-24T18:35:00.531,2021-02-25 01:38:15.266421
10,0,GREENFIELD,MA,0.00%,Fully Booked,2021-02-24T18:35:00.531,2021-02-25 01:38:15.266421
11,0,HANOVER,MA,0.00%,Fully Booked,2021-02-24T18:35:00.531,2021-02-25 01:38:15.266421
12,0,HAVERHILL,MA,0.00%,Fully Booked,2021-02-24T18:35:00.531,2021-02-25 01:38:15.266421
13,0,HOLBROOK,MA,0.00%,Fully Booked,2021-02-24T18:35:00.531,2021-02-25 01:38:15.266421
14,0,HOLYOKE,MA,0.00%,Fully Booked,2021-02-24T18:35:00.531,2021-02-25 01:38:15.266421
15,0,HUDSON,MA,0.00%,Fully Booked,2021-02-24T18:35:00.531,2021-02-25 01:38:15.266421
16,0,HYANNIS,MA,0.00%,Fully Booked,2021-02-24T18:35:00.531,2021-02-25 01:38:15.266421
17,0,HYDE PARK,MA,0.00%,Fully Booked,2021-02-24T18:35:00.531,2021-02-25 01:38:15.266421
18,0,IPSWICH,MA,0.00%,Fully Booked,2021-02-24T18:35:00.531,2021-02-25 01:38:15.266421
19,0,LOWELL,MA,0.00%,Fully Booked,2021-02-24T18:35:00.531,2021-02-25 01:38:15.266421
20,0,LYNN,MA,0.00%,Fully Booked,2021-02-24T18:35:00.531,2021-02-25 01:38:15.266421
21,0,MALDEN,MA,0.00%,Fully Booked,2021-02-24T18:35:00.531,2021-02-25 01:38:15.266421
22,0,MAYNARD,MA,0.00%,Fully Booked,2021-02-24T18:35:00.531,2021-02-25 01:38:15.266421
23,0,MEDFIELD,MA,0.00%,Fully Booked,2021-02-24T18:35:00.531,2021-02-25 01:38:15.266421
24,0,MEDFORD,MA,0.00%,Fully Booked,2021-02-24T18:35:00.531,2021-02-25 01:38:15.266421
25,0,METHUEN,MA,0.00%,Fully Booked,2021-02-24T18:35:00.531,2021-02-25 01:38:15.266421
26,0,MILFORD,MA,0.00%,Fully Booked,2021-02-24T18:35:00.531,2021-02-25 01:38:15.266421
27,0,NEW BEDFORD,MA,0.00%,Fully Booked,2021-02-24T18:35:00.531,2021-02-25 01:38:15.266421
28,0,NEWTON,MA,0.00%,Fully Booked,2021-02-24T18:35:00.531,2021-02-25 01:38:15.266421
29,0,NORTH EASTON,MA,0.00%,Fully Booked,2021-02-24T18:35:00.531,2021-02-25 01:38:15.266421
30,0,NORTH GRAFTON,MA,0.00%,Fully Booked,2021-02-24T18:35:00.531,2021-02-25 01:38:15.266421
31,0,PALMER,MA,0.00%,Fully Booked,2021-02-24T18:35:00.531,2021-02-25 01:38:15.266421
32,0,PEABODY,MA,0.00%,Fully Booked,2021-02-24T18:35:00.531,2021-02-25 01:38:15.266421
33,0,RANDOLPH,MA,0.00%,Fully Booked,2021-02-24T18:35:00.531,2021-02-25 01:38:15.266421
34,0,REVERE,MA,0.00%,Fully Booked,2021-02-24T18:35:00.531,2021-02-25 01:38:15.266421
35,0,SALEM,MA,0.00%,Fully Booked,2021-02-24T18:35:00.531,2021-02-25 01:38:15.266421
36,0,SEEKONK,MA,0.00%,Fully Booked,2021-02-24T18:35:00.531,2021-02-25 01:38:15.266421
37,0,SOUTH YARMOUTH,MA,0.00%,Fully Booked,2021-02-24T18:35:00.531,2021-02-25 01:38:15.266421
38,0,SPRINGFIELD,MA,0.00%,Fully Booked,2021-02-24T18:35:00.531,2021-02-25 01:38:15.266421
39,0,STURBRIDGE,MA,0.00%,Fully Booked,2021-02-24T18:35:00.531,2021-02-25 01:38:15.266421
40,0,TAUNTON,MA,0.00%,Fully Booked,2021-02-24T18:35:00.531,2021-02-25 01:38:15.266421
41,0,WALTHAM,MA,0.00%,Fully Booked,2021-02-24T18:35:00.531,2021-02-25 01:38:15.266421
42,0,WATERTOWN,MA,0.00%,Fully Booked,2021-02-24T18:35:00.531,2021-02-25 01:38:15.266421
43,0,WAYLAND,MA,0.00%,Fully Booked,2021-02-24T18:35:00.531,2021-02-25 01:38:15.266421
44,0,WEST BRIDGEWATER,MA,0.00%,Fully Booked,2021-02-24T18:35:00.531,2021-02-25 01:38:15.266421
45,0,WEYMOUTH,MA,0.00%,Fully Booked,2021-02-24T18:35:00.531,2021-02-25 01:38:15.266421
46,0,WORCESTER,MA,0.00%,Fully Booked,2021-02-24T18:35:00.531,2021-02-25 01:38:15.266421
0,0,RUSSELLVILLE,AR,0.00%,Available,2021-02-24T18:35:00.536,2021-02-25 01:38:15.266421
1,0,SPRINGDALE,AR,0.00%,Fully Booked,2021-02-24T18:35:00.536,2021-02-25 01:38:15.266421
2,0,VAN BUREN,AR,0.00%,Available,2021-02-24T18:35:00.536,2021-02-25 01:38:15.266421
0,0,BRIDGEPORT,CT,0.00%,Fully Booked,2021-02-24T18:35:21.462,2021-02-25 01:38:15.266421
1,0,BRISTOL,CT,0.00%,Fully Booked,2021-02-24T18:35:21.462,2021-02-25 01:38:15.266421
2,0,COLCHESTER,CT,0.00%,Fully Booked,2021-02-24T18:35:21.462,2021-02-25 01:38:15.266421
3,0,COVENTRY,CT,0.00%,Fully Booked,2021-02-24T18:35:21.462,2021-02-25 01:38:15.266421
4,0,DANBURY,CT,0.00%,Available,2021-02-24T18:35:21.462,2021-02-25 01:38:15.266421
5,0,ENFIELD,CT,0.00%,Available,2021-02-24T18:35:21.462,2021-02-25 01:38:15.266421
6,0,GUILFORD,CT,0.00%,Fully Booked,2021-02-24T18:35:21.462,2021-02-25 01:38:15.266421
7,0,HAMDEN,CT,0.00%,Fully Booked,2021-02-24T18:35:21.462,2021-02-25 01:38:15.266421
8,0,HARTFORD,CT,0.00%,Available,2021-02-24T18:35:21.462,2021-02-25 01:38:15.266421
9,0,NEW BRITAIN,CT,0.00%,Fully Booked,2021-02-24T18:35:21.462,2021-02-25 01:38:15.266421
10,0,NEW HAVEN,CT,0.00%,Available,2021-02-24T18:35:21.462,2021-02-25 01:38:15.266421
11,0,NORWALK,CT,0.00%,Available,2021-02-24T18:35:21.462,2021-02-25 01:38:15.266421
12,0,PUTNAM,CT,0.00%,Available,2021-02-24T18:35:21.462,2021-02-25 01:38:15.266421
13,0,UNCASVILLE,CT,0.00%,Fully Booked,2021-02-24T18:35:21.462,2021-02-25 01:38:15.266421
14,0,WATERBURY,CT,0.00%,Fully Booked,2021-02-24T18:35:21.462,2021-02-25 01:38:15.266421
15,0,WATERFORD,CT,0.00%,Available,2021-02-24T18:35:21.462,2021-02-25 01:38:15.266421
16,0,WILLIMANTIC,CT,0.00%,Available,2021-02-24T18:35:21.462,2021-02-25 01:38:15.266421
17,0,WINDSOR LOCKS,CT,0.00%,Fully Booked,2021-02-24T18:35:21.462,2021-02-25 01:38:15.266421
18,0,WINSTED,CT,0.00%,Fully Booked,2021-02-24T18:35:21.462,2021-02-25 01:38:15.266421
0,0,KENTLAND,IN,0.00%,Fully Booked,2021-02-24T18:35:00.531,2021-02-25 01:38:15.266421
1,0,MOUNT VERNON,IN,0.00%,Fully Booked,2021-02-24T18:35:00.531,2021-02-25 01:38:15.266421
0,0,ALTOONA,IA,0.00%,Fully Booked,2021-02-24T18:33:40.388,2021-02-25 01:38:15.266421
1,0,ANKENY,IA,0.00%,Fully Booked,2021-02-24T18:33:40.388,2021-02-25 01:38:15.266421
2,0,CEDAR RAPIDS,IA,0.00%,Fully Booked,2021-02-24T18:33:40.388,2021-02-25 01:38:15.266421
3,0,URBANDALE,IA,0.00%,Fully Booked,2021-02-24T18:33:40.388,2021-02-25 01:38:15.266421
4,0,WATERLOO,IA,0.00%,Fully Booked,2021-02-24T18:33:40.388,2021-02-25 01:38:15.266421
5,0,WEST DES MOINES,IA,0.00%,Fully Booked,2021-02-24T18:33:40.388,2021-02-25 01:38:15.266421
0,0,ALBANY,NY,0.00%,Fully Booked,2021-02-24T18:35:05.451,2021-02-25 01:38:15.266421
1,0,BATAVIA,NY,0.00%,Fully Booked,2021-02-24T18:35:05.451,2021-02-25 01:38:15.266421
2,0,BETHPAGE,NY,0.00%,Fully Booked,2021-02-24T18:35:05.451,2021-02-25 01:38:15.266421
3,0,BLASDELL,NY,0.00%,Fully Booked,2021-02-24T18:35:05.451,2021-02-25 01:38:15.266421
4,0,BUFFALO,NY,0.00%,Fully Booked,2021-02-24T18:35:05.451,2021-02-25 01:38:15.266421
5,0,CARMEL,NY,0.00%,Fully Booked,2021-02-24T18:35:05.451,2021-02-25 01:38:15.266421
6,0,CENTER MORICHES,NY,0.00%,Fully Booked,2021-02-24T18:35:05.451,2021-02-25 01:38:15.266421
7,0,CLINTON,NY,0.00%,Fully Booked,2021-02-24T18:35:05.451,2021-02-25 01:38:15.266421
8,0,COLONIE,NY,0.00%,Fully Booked,2021-02-24T18:35:05.451,2021-02-25 01:38:15.266421
9,0,COPIAGUE,NY,0.00%,Fully Booked,2021-02-24T18:35:05.451,2021-02-25 01:38:15.266421
10,0,EASTCHESTER,NY,0.00%,Fully Booked,2021-02-24T18:35:05.451,2021-02-25 01:38:15.266421
11,0,ENDWELL,NY,0.00%,Fully Booked,2021-02-24T18:35:05.451,2021-02-25 01:38:15.266421
12,0,FAIRPORT,NY,0.00%,Fully Booked,2021-02-24T18:35:05.451,2021-02-25 01:38:15.266421
13,0,GLENVILLE,NY,0.00%,Fully Booked,2021-02-24T18:35:05.451,2021-02-25 01:38:15.266421
14,0,GLOVERSVILLE,NY,0.00%,Fully Booked,2021-02-24T18:35:05.451,2021-02-25 01:38:15.266421
15,0,GREENWOOD LAKE,NY,0.00%,Fully Booked,2021-02-24T18:35:05.451,2021-02-25 01:38:15.266421
16,0,HAMBURG,NY,0.00%,Fully Booked,2021-02-24T18:35:05.451,2021-02-25 01:38:15.266421
17,0,HUDSON FALLS,NY,0.00%,Fully Booked,2021-02-24T18:35:05.451,2021-02-25 01:38:15.266421
18,0,ISLIP TERRACE,NY,0.00%,Fully Booked,2021-02-24T18:35:05.451,2021-02-25 01:38:15.266421
19,0,KINGSTON,NY,0.00%,Fully Booked,2021-02-24T18:35:05.451,2021-02-25 01:38:15.266421
20,0,LARCHMONT,NY,0.00%,Fully Booked,2021-02-24T18:35:05.451,2021-02-25 01:38:15.266421
21,0,LEWISTON,NY,0.00%,Fully Booked,2021-02-24T18:35:05.451,2021-02-25 01:38:15.266421
22,0,LITTLE FALLS,NY,0.00%,Fully Booked,2021-02-24T18:35:05.451,2021-02-25 01:38:15.266421
23,0,MANORVILLE,NY,0.00%,Fully Booked,2021-02-24T18:35:05.451,2021-02-25 01:38:15.266421
24,0,MARGARETVILLE,NY,0.00%,Fully Booked,2021-02-24T18:35:05.451,2021-02-25 01:38:15.266421
25,0,MATTITUCK,NY,0.00%,Fully Booked,2021-02-24T18:35:05.451,2021-02-25 01:38:15.266421
26,0,NEWBURGH,NY,0.00%,Fully Booked,2021-02-24T18:35:05.451,2021-02-25 01:38:15.266421
27,0,OLEAN,NY,0.00%,Fully Booked,2021-02-24T18:35:05.451,2021-02-25 01:38:15.266421
28,0,OWEGO,NY,0.00%,Fully Booked,2021-02-24T18:35:05.451,2021-02-25 01:38:15.266421
29,0,PENN YAN,NY,0.00%,Fully Booked,2021-02-24T18:35:05.451,2021-02-25 01:38:15.266421
30,0,POUGHKEEPSIE,NY,0.00%,Fully Booked,2021-02-24T18:35:05.451,2021-02-25 01:38:15.266421
31,0,QUEENSBURY,NY,0.00%,Fully Booked,2021-02-24T18:35:05.451,2021-02-25 01:38:15.266421
32,0,ROCHESTER,NY,0.00%,Fully Booked,2021-02-24T18:35:05.451,2021-02-25 01:38:15.266421
33,0,SARATOGA SPRINGS,NY,0.00%,Fully Booked,2021-02-24T18:35:05.451,2021-02-25 01:38:15.266421
34,0,SCHENECTADY,NY,0.00%,Fully Booked,2021-02-24T18:35:05.451,2021-02-25 01:38:15.266421
35,0,SKANEATELES,NY,0.00%,Fully Booked,2021-02-24T18:35:05.451,2021-02-25 01:38:15.266421
36,0,STONY POINT,NY,0.00%,Fully Booked,2021-02-24T18:35:05.451,2021-02-25 01:38:15.266421
37,0,TROY,NY,0.00%,Fully Booked,2021-02-24T18:35:05.451,2021-02-25 01:38:15.266421
38,0,VALATIE,NY,0.00%,Fully Booked,2021-02-24T18:35:05.451,2021-02-25 01:38:15.266421
39,0,WATKINS GLEN,NY,0.00%,Fully Booked,2021-02-24T18:35:05.451,2021-02-25 01:38:15.266421
40,0,WEST SAYVILLE,NY,0.00%,Fully Booked,2021-02-24T18:35:05.451,2021-02-25 01:38:15.266421
41,0,WESTFIELD,NY,0.00%,Fully Booked,2021-02-24T18:35:05.451,2021-02-25 01:38:15.266421
42,0,WHITE PLAINS,NY,0.00%,Fully Booked,2021-02-24T18:35:05.451,2021-02-25 01:38:15.266421
43,0,WYNANTSKILL,NY,0.00%,Fully Booked,2021-02-24T18:35:05.451,2021-02-25 01:38:15.266421
0,0,BELLEVUE,OH,0.00%,Fully Booked,2021-02-24T18:30:00.502,2021-02-25 01:38:15.266421
1,0,BLUFFTON,OH,0.00%,Fully Booked,2021-02-24T18:30:00.502,2021-02-25 01:38:15.266421
2,0,CANTON,OH,0.00%,Fully Booked,2021-02-24T18:30:00.502,2021-02-25 01:38:15.266421
3,0,CINCINNATI,OH,0.00%,Fully Booked,2021-02-24T18:30:00.502,2021-02-25 01:38:15.266421
4,0,CLEVELAND HEIGHTS,OH,0.00%,Fully Booked,2021-02-24T18:30:00.502,2021-02-25 01:38:15.266421
5,0,COLUMBUS,OH,0.00%,Available,2021-02-24T18:30:00.502,2021-02-25 01:38:15.266421
6,0,EATON,OH,0.00%,Fully Booked,2021-02-24T18:30:00.502,2021-02-25 01:38:15.266421
7,0,FAIRBORN,OH,0.00%,Fully Booked,2021-02-24T18:30:00.502,2021-02-25 01:38:15.266421
8,0,FINDLAY,OH,0.00%,Fully Booked,2021-02-24T18:30:00.502,2021-02-25 01:38:15.266421
9,0,FRANKLIN,OH,0.00%,Fully Booked,2021-02-24T18:30:00.502,2021-02-25 01:38:15.266421
10,0,GENEVA,OH,0.00%,Fully Booked,2021-02-24T18:30:00.502,2021-02-25 01:38:15.266421
11,0,HAMILTON,OH,0.00%,Fully Booked,2021-02-24T18:30:00.502,2021-02-25 01:38:15.266421
12,0,LAKEWOOD,OH,0.00%,Fully Booked,2021-02-24T18:30:00.502,2021-02-25 01:38:15.266421
13,0,LIMA,OH,0.00%,Available,2021-02-24T18:30:00.502,2021-02-25 01:38:15.266421
14,0,LORAIN,OH,0.00%,Fully Booked,2021-02-24T18:30:00.502,2021-02-25 01:38:15.266421
15,0,LYNDHURST,OH,0.00%,Fully Booked,2021-02-24T18:30:00.502,2021-02-25 01:38:15.266421
16,0,MANSFIELD,OH,0.00%,Fully Booked,2021-02-24T18:30:00.502,2021-02-25 01:38:15.266421
17,0,MORAINE,OH,0.00%,Fully Booked,2021-02-24T18:30:00.502,2021-02-25 01:38:15.266421
18,0,NEW LEXINGTON,OH,0.00%,Available,2021-02-24T18:30:00.502,2021-02-25 01:38:15.266421
19,0,NEWARK,OH,0.00%,Available,2021-02-24T18:30:00.502,2021-02-25 01:38:15.266421
20,0,NILES,OH,0.00%,Fully Booked,2021-02-24T18:30:00.502,2021-02-25 01:38:15.266421
21,0,NORWOOD,OH,0.00%,Fully Booked,2021-02-24T18:30:00.502,2021-02-25 01:38:15.266421
22,0,PIQUA,OH,0.00%,Fully Booked,2021-02-24T18:30:00.502,2021-02-25 01:38:15.266421
23,0,SIDNEY,OH,0.00%,Fully Booked,2021-02-24T18:30:00.502,2021-02-25 01:38:15.266421
24,0,SPRINGFIELD,OH,0.00%,Fully Booked,2021-02-24T18:30:00.502,2021-02-25 01:38:15.266421
25,0,TIPP CITY,OH,0.00%,Fully Booked,2021-02-24T18:30:00.502,2021-02-25 01:38:15.266421
26,0,TOLEDO,OH,0.00%,Fully Booked,2021-02-24T18:30:00.502,2021-02-25 01:38:15.266421
27,0,UNIVERSITY HEIGHTS,OH,0.00%,Fully Booked,2021-02-24T18:30:00.502,2021-02-25 01:38:15.266421
28,0,WARREN,OH,0.00%,Fully Booked,2021-02-24T18:30:00.502,2021-02-25 01:38:15.266421
29,0,WHITEHALL,OH,0.00%,Fully Booked,2021-02-24T18:30:00.502,2021-02-25 01:38:15.266421
30,0,WILMINGTON,OH,0.00%,Fully Booked,2021-02-24T18:30:00.502,2021-02-25 01:38:15.266421
31,0,YOUNGSTOWN,OH,0.00%,Fully Booked,2021-02-24T18:30:00.502,2021-02-25 01:38:15.266421
0,0,FAJARDO,PR,0.00%,Fully Booked,2021-02-24T18:34:39.748,2021-02-25 01:38:15.266421
1,0,SAN JUAN,PR,0.00%,Fully Booked,2021-02-24T18:34:39.748,2021-02-25 01:38:15.266421
2,0,VEGA ALTA,PR,0.00%,Fully Booked,2021-02-24T18:34:39.748,2021-02-25 01:38:15.266421
0,0,AIKEN,SC,0.00%,Fully Booked,2021-02-24T18:35:50.776,2021-02-25 01:38:15.266421
1,0,ANDERSON,SC,0.00%,Available,2021-02-24T18:35:50.776,2021-02-25 01:38:15.266421
2,0,BENNETTSVILLE,SC,0.00%,Available,2021-02-24T18:35:50.776,2021-02-25 01:38:15.266421
3,0,BISHOPVILLE,SC,0.00%,Available,2021-02-24T18:35:50.776,2021-02-25 01:38:15.266421
4,0,CAMDEN,SC,0.00%,Fully Booked,2021-02-24T18:35:50.776,2021-02-25 01:38:15.266421
5,0,CHESNEE,SC,0.00%,Fully Booked,2021-02-24T18:35:50.776,2021-02-25 01:38:15.266421
6,0,CLEMSON,SC,0.00%,Fully Booked,2021-02-24T18:35:50.776,2021-02-25 01:38:15.266421
7,0,CLINTON,SC,0.00%,Fully Booked,2021-02-24T18:35:50.776,2021-02-25 01:38:15.266421
8,0,CLOVER,SC,0.00%,Fully Booked,2021-02-24T18:35:50.776,2021-02-25 01:38:15.266421
9,0,COLUMBIA,SC,0.00%,Fully Booked,2021-02-24T18:35:50.776,2021-02-25 01:38:15.266421
10,0,DARLINGTON,SC,0.00%,Fully Booked,2021-02-24T18:35:50.776,2021-02-25 01:38:15.266421
11,0,DENMARK,SC,0.00%,Available,2021-02-24T18:35:50.776,2021-02-25 01:38:15.266421
12,0,EDGEFIELD,SC,0.00%,Available,2021-02-24T18:35:50.776,2021-02-25 01:38:15.266421
13,0,FLORENCE,SC,0.00%,Fully Booked,2021-02-24T18:35:50.776,2021-02-25 01:38:15.266421
14,0,GAFFNEY,SC,0.00%,Available,2021-02-24T18:35:50.776,2021-02-25 01:38:15.266421
15,0,GOOSE CREEK,SC,0.00%,Fully Booked,2021-02-24T18:35:50.776,2021-02-25 01:38:15.266421
16,0,GREENVILLE,SC,0.00%,Fully Booked,2021-02-24T18:35:50.776,2021-02-25 01:38:15.266421
17,0,GREENWOOD,SC,0.00%,Fully Booked,2021-02-24T18:35:50.776,2021-02-25 01:38:15.266421
18,0,HANAHAN,SC,0.00%,Available,2021-02-24T18:35:50.776,2021-02-25 01:38:15.266421
19,0,HEMINGWAY,SC,0.00%,Available,2021-02-24T18:35:50.776,2021-02-25 01:38:15.266421
20,0,LANCASTER,SC,0.00%,Fully Booked,2021-02-24T18:35:50.776,2021-02-25 01:38:15.266421
21,0,MARION,SC,0.00%,Available,2021-02-24T18:35:50.776,2021-02-25 01:38:15.266421
22,0,MOUNT PLEASANT,SC,0.00%,Fully Booked,2021-02-24T18:35:50.776,2021-02-25 01:38:15.266421
23,0,MYRTLE BEACH,SC,0.00%,Fully Booked,2021-02-24T18:35:50.776,2021-02-25 01:38:15.266421
24,0,NEWBERRY,SC,0.00%,Available,2021-02-24T18:35:50.776,2021-02-25 01:38:15.266421
25,0,ORANGEBURG,SC,0.00%,Fully Booked,2021-02-24T18:35:50.776,2021-02-25 01:38:15.266421
26,0,PORT ROYAL,SC,0.00%,Fully Booked,2021-02-24T18:35:50.776,2021-02-25 01:38:15.266421
27,0,SENECA,SC,0.00%,Fully Booked,2021-02-24T18:35:50.776,2021-02-25 01:38:15.266421
28,0,SUMMERVILLE,SC,0.00%,Fully Booked,2021-02-24T18:35:50.776,2021-02-25 01:38:15.266421
29,0,SUMTER,SC,0.00%,Fully Booked,2021-02-24T18:35:50.776,2021-02-25 01:38:15.266421
30,0,WALTERBORO,SC,0.00%,Available,2021-02-24T18:35:50.776,2021-02-25 01:38:15.266421
31,0,WEST COLUMBIA,SC,0.00%,Fully Booked,2021-02-24T18:35:50.776,2021-02-25 01:38:15.266421
32,0,WINNSBORO,SC,0.00%,Available,2021-02-24T18:35:50.776,2021-02-25 01:38:15.266421
0,0,ABINGDON,VA,0.00%,Fully Booked,2021-02-24T18:33:45.922,2021-02-25 01:38:15.266421
1,0,ALEXANDRIA,VA,0.00%,Fully Booked,2021-02-24T18:33:45.922,2021-02-25 01:38:15.266421
2,0,ARLINGTON,VA,0.00%,Fully Booked,2021-02-24T18:33:45.922,2021-02-25 01:38:15.266421
3,0,BEDFORD,VA,0.00%,Fully Booked,2021-02-24T18:33:45.922,2021-02-25 01:38:15.266421
4,0,BLACKSBURG,VA,0.00%,Fully Booked,2021-02-24T18:33:45.922,2021-02-25 01:38:15.266421
5,0,CHARLOTTESVILLE,VA,0.00%,Fully Booked,2021-02-24T18:33:45.922,2021-02-25 01:38:15.266421
6,0,CHATHAM,VA,0.00%,Fully Booked,2021-02-24T18:33:45.922,2021-02-25 01:38:15.266421
7,0,CHESAPEAKE,VA,0.00%,Fully Booked,2021-02-24T18:33:45.922,2021-02-25 01:38:15.266421
8,0,CLARKSVILLE,VA,0.00%,Fully Booked,2021-02-24T18:33:45.922,2021-02-25 01:38:15.266421
9,0,DANVILLE,VA,0.00%,Fully Booked,2021-02-24T18:33:45.922,2021-02-25 01:38:15.266421
10,0,DUBLIN,VA,0.00%,Fully Booked,2021-02-24T18:33:45.922,2021-02-25 01:38:15.266421
11,0,FAIRFAX,VA,0.00%,Fully Booked,2021-02-24T18:33:45.922,2021-02-25 01:38:15.266421
12,0,FARMVILLE,VA,0.00%,Fully Booked,2021-02-24T18:33:45.922,2021-02-25 01:38:15.266421
13,0,FREDERICKSBURG,VA,0.00%,Fully Booked,2021-02-24T18:33:45.922,2021-02-25 01:38:15.266421
14,0,GAINESVILLE,VA,0.00%,Fully Booked,2021-02-24T18:33:45.922,2021-02-25 01:38:15.266421
15,0,HAMPTON,VA,0.00%,Fully Booked,2021-02-24T18:33:45.922,2021-02-25 01:38:15.266421
16,0,HARRISONBURG,VA,0.00%,Fully Booked,2021-02-24T18:33:45.922,2021-02-25 01:38:15.266421
17,0,LEESBURG,VA,0.00%,Fully Booked,2021-02-24T18:33:45.922,2021-02-25 01:38:15.266421
18,0,LYNCHBURG,VA,0.00%,Fully Booked,2021-02-24T18:33:45.922,2021-02-25 01:38:15.266421
19,0,MARTINSVILLE,VA,0.00%,Fully Booked,2021-02-24T18:33:45.922,2021-02-25 01:38:15.266421
20,0,MECHANICSVILLE,VA,0.00%,Fully Booked,2021-02-24T18:33:45.922,2021-02-25 01:38:15.266421
21,0,MIDLOTHIAN,VA,0.00%,Fully Booked,2021-02-24T18:33:45.922,2021-02-25 01:38:15.266421
22,0,NEWPORT NEWS,VA,0.00%,Fully Booked,2021-02-24T18:33:45.922,2021-02-25 01:38:15.266421
23,0,NORFOLK,VA,0.00%,Fully Booked,2021-02-24T18:33:45.922,2021-02-25 01:38:15.266421
24,0,PETERSBURG,VA,0.00%,Fully Booked,2021-02-24T18:33:45.922,2021-02-25 01:38:15.266421
25,0,PORTSMOUTH,VA,0.00%,Fully Booked,2021-02-24T18:33:45.922,2021-02-25 01:38:15.266421
26,0,RICHMOND,VA,0.00%,Fully Booked,2021-02-24T18:33:45.922,2021-02-25 01:38:15.266421
27,0,ROANOKE,VA,0.00%,Fully Booked,2021-02-24T18:33:45.922,2021-02-25 01:38:15.266421
28,0,ROCKY MOUNT,VA,0.00%,Fully Booked,2021-02-24T18:33:45.922,2021-02-25 01:38:15.266421
29,0,SOUTH BOSTON,VA,0.00%,Fully Booked,2021-02-24T18:33:45.922,2021-02-25 01:38:15.266421
30,0,STAFFORD,VA,0.00%,Fully Booked,2021-02-24T18:33:45.922,2021-02-25 01:38:15.266421
31,0,SUFFOLK,VA,0.00%,Fully Booked,2021-02-24T18:33:45.922,2021-02-25 01:38:15.266421
32,0,VIRGINIA BEACH,VA,0.00%,Fully Booked,2021-02-24T18:33:45.922,2021-02-25 01:38:15.266421
33,0,WARRENTON,VA,0.00%,Fully Booked,2021-02-24T18:33:45.922,2021-02-25 01:38:15.266421
34,0,WILLIAMSBURG,VA,0.00%,Fully Booked,2021-02-24T18:33:45.922,2021-02-25 01:38:15.266421
35,0,WINCHESTER,VA,0.00%,Fully Booked,2021-02-24T18:33:45.922,2021-02-25 01:38:15.266421
36,0,WINDSOR,VA,0.00%,Fully Booked,2021-02-24T18:33:45.922,2021-02-25 01:38:15.266421
37,0,WOODSTOCK,VA,0.00%,Fully Booked,2021-02-24T18:33:45.922,2021-02-25 01:38:15.266421
0,0,CRANSTON,RI,0.00%,Fully Booked,2021-02-24T18:36:37.051,2021-02-25 01:38:15.266421
1,0,EAST GREENWICH,RI,0.00%,Fully Booked,2021-02-24T18:36:37.051,2021-02-25 01:38:15.266421
2,0,JOHNSTON,RI,0.00%,Fully Booked,2021-02-24T18:36:37.051,2021-02-25 01:38:15.266421
3,0,NEWPORT,RI,0.00%,Fully Booked,2021-02-24T18:36:37.051,2021-02-25 01:38:15.266421
4,0,PAWTUCKET,RI,0.00%,Fully Booked,2021-02-24T18:36:37.051,2021-02-25 01:38:15.266421
5,0,PROVIDENCE,RI,0.00%,Fully Booked,2021-02-24T18:36:37.051,2021-02-25 01:38:15.266421
6,0,WARREN,RI,0.00%,Fully Booked,2021-02-24T18:36:37.051,2021-02-25 01:38:15.266421
7,0,WESTERLY,RI,0.00%,Fully Booked,2021-02-24T18:36:37.051,2021-02-25 01:38:15.266421
8,0,WOONSOCKET,RI,0.00%,Fully Booked,2021-02-24T18:36:37.051,2021-02-25 01:38:15.266421
0,0,ADELANTO,CA,0.00%,Fully Booked,2021-02-24T18:37:51.543,2021-02-25 01:38:15.266421
1,0,AGOURA HILLS,CA,0.00%,Fully Booked,2021-02-24T18:37:51.543,2021-02-25 01:38:15.266421
2,0,ALAMEDA,CA,0.00%,Fully Booked,2021-02-24T18:37:51.543,2021-02-25 01:38:15.266421
3,0,ALISO VIEJO,CA,0.00%,Fully Booked,2021-02-24T18:37:51.543,2021-02-25 01:38:15.266421
4,0,ANGELS CAMP,CA,0.00%,Fully Booked,2021-02-24T18:37:51.543,2021-02-25 01:38:15.266421
5,0,ARCADIA,CA,0.00%,Fully Booked,2021-02-24T18:37:51.543,2021-02-25 01:38:15.266421
6,0,ARROYO GRANDE,CA,0.00%,Fully Booked,2021-02-24T18:37:51.543,2021-02-25 01:38:15.266421
7,0,ATWATER,CA,0.00%,Fully Booked,2021-02-24T18:37:51.543,2021-02-25 01:38:15.266421
8,0,AUBURN,CA,0.00%,Fully Booked,2021-02-24T18:37:51.543,2021-02-25 01:38:15.266421
9,0,AZUSA,CA,0.00%,Fully Booked,2021-02-24T18:37:51.543,2021-02-25 01:38:15.266421
10,0,BAKERSFIELD,CA,0.00%,Fully Booked,2021-02-24T18:37:51.543,2021-02-25 01:38:15.266421
11,0,BELL,CA,0.00%,Fully Booked,2021-02-24T18:37:51.543,2021-02-25 01:38:15.266421
12,0,BERKELEY,CA,0.00%,Fully Booked,2021-02-24T18:37:51.543,2021-02-25 01:38:15.266421
13,0,BRENTWOOD,CA,0.00%,Available,2021-02-24T18:37:51.543,2021-02-25 01:38:15.266421
14,0,BUELLTON,CA,0.00%,Fully Booked,2021-02-24T18:37:51.543,2021-02-25 01:38:15.266421
15,0,BUENA PARK,CA,0.00%,Fully Booked,2021-02-24T18:37:51.543,2021-02-25 01:38:15.266421
16,0,CAMERON PARK,CA,0.00%,Fully Booked,2021-02-24T18:37:51.543,2021-02-25 01:38:15.266421
17,0,CAPITOLA,CA,0.00%,Fully Booked,2021-02-24T18:37:51.543,2021-02-25 01:38:15.266421
18,0,CARLSBAD,CA,0.00%,Fully Booked,2021-02-24T18:37:51.543,2021-02-25 01:38:15.266421
19,0,CARMICHAEL,CA,0.00%,Fully Booked,2021-02-24T18:37:51.543,2021-02-25 01:38:15.266421
20,0,CARSON,CA,0.00%,Fully Booked,2021-02-24T18:37:51.543,2021-02-25 01:38:15.266421
21,0,CHULA VISTA,CA,0.00%,Available,2021-02-24T18:37:51.543,2021-02-25 01:38:15.266421
22,0,CITY OF INDUSTRY,CA,0.00%,Fully Booked,2021-02-24T18:37:51.543,2021-02-25 01:38:15.266421
23,0,CLOVIS,CA,0.00%,Available,2021-02-24T18:37:51.543,2021-02-25 01:38:15.266421
24,0,COACHELLA,CA,0.00%,Fully Booked,2021-02-24T18:37:51.543,2021-02-25 01:38:15.266421
25,0,COMPTON,CA,0.00%,Available,2021-02-24T18:37:51.543,2021-02-25 01:38:15.266421
26,0,CONCORD,CA,0.00%,Fully Booked,2021-02-24T18:37:51.543,2021-02-25 01:38:15.266421
27,0,CORONA,CA,0.00%,Available,2021-02-24T18:37:51.543,2021-02-25 01:38:15.266421
28,0,COSTA MESA,CA,0.00%,Fully Booked,2021-02-24T18:37:51.543,2021-02-25 01:38:15.266421
29,0,DALY CITY,CA,0.00%,Fully Booked,2021-02-24T18:37:51.543,2021-02-25 01:38:15.266421
30,0,DIXON,CA,0.00%,Available,2021-02-24T18:37:51.543,2021-02-25 01:38:15.266421
31,0,DOWNEY,CA,0.00%,Fully Booked,2021-02-24T18:37:51.543,2021-02-25 01:38:15.266421
32,0,EL CAJON,CA,0.00%,Available,2021-02-24T18:37:51.543,2021-02-25 01:38:15.266421
33,0,EUREKA,CA,0.00%,Fully Booked,2021-02-24T18:37:51.543,2021-02-25 01:38:15.266421
34,0,FONTANA,CA,0.00%,Available,2021-02-24T18:37:51.543,2021-02-25 01:38:15.266421
35,0,FREMONT,CA,0.00%,Fully Booked,2021-02-24T18:37:51.543,2021-02-25 01:38:15.266421
36,0,FRESNO,CA,0.00%,Fully Booked,2021-02-24T18:37:51.543,2021-02-25 01:38:15.266421
37,0,GLENDALE,CA,0.00%,Fully Booked,2021-02-24T18:37:51.543,2021-02-25 01:38:15.266421
38,0,GRIDLEY,CA,0.00%,Fully Booked,2021-02-24T18:37:51.543,2021-02-25 01:38:15.266421
39,0,HANFORD,CA,0.00%,Fully Booked,2021-02-24T18:37:51.543,2021-02-25 01:38:15.266421
40,0,HAWTHORNE,CA,0.00%,Available,2021-02-24T18:37:51.543,2021-02-25 01:38:15.266421
41,0,HAYWARD,CA,0.00%,Available,2021-02-24T18:37:51.543,2021-02-25 01:38:15.266421
42,0,HEMET,CA,0.00%,Available,2021-02-24T18:37:51.543,2021-02-25 01:38:15.266421
43,0,HUNTINGTON BEACH,CA,0.00%,Fully Booked,2021-02-24T18:37:51.543,2021-02-25 01:38:15.266421
44,0,HUNTINGTON PARK,CA,0.00%,Fully Booked,2021-02-24T18:37:51.543,2021-02-25 01:38:15.266421
45,0,INDIO,CA,0.00%,Available,2021-02-24T18:37:51.543,2021-02-25 01:38:15.266421
46,0,INGLEWOOD,CA,0.00%,Fully Booked,2021-02-24T18:37:51.543,2021-02-25 01:38:15.266421
47,0,IRVINE,CA,0.00%,Fully Booked,2021-02-24T18:37:51.543,2021-02-25 01:38:15.266421
48,0,JACKSON,CA,0.00%,Fully Booked,2021-02-24T18:37:51.543,2021-02-25 01:38:15.266421
49,0,LA MESA,CA,0.00%,Available,2021-02-24T18:37:51.543,2021-02-25 01:38:15.266421
50,0,LA PUENTE,CA,0.00%,Fully Booked,2021-02-24T18:37:51.543,2021-02-25 01:38:15.266421
51,0,LA QUINTA,CA,0.00%,Fully Booked,2021-02-24T18:37:51.543,2021-02-25 01:38:15.266421
52,0,LAFAYETTE,CA,0.00%,Fully Booked,2021-02-24T18:37:51.543,2021-02-25 01:38:15.266421
53,0,LAKEWOOD,CA,0.00%,Fully Booked,2021-02-24T18:37:51.543,2021-02-25 01:38:15.266421
54,0,LANCASTER,CA,0.00%,Fully Booked,2021-02-24T18:37:51.543,2021-02-25 01:38:15.266421
55,0,LODI,CA,0.00%,Available,2021-02-24T18:37:51.543,2021-02-25 01:38:15.266421
56,0,LOMITA,CA,0.00%,Fully Booked,2021-02-24T18:37:51.543,2021-02-25 01:38:15.266421
57,0,LONG BEACH,CA,0.00%,Fully Booked,2021-02-24T18:37:51.543,2021-02-25 01:38:15.266421
58,0,LOS ANGELES,CA,0.00%,Available,2021-02-24T18:37:51.543,2021-02-25 01:38:15.266421
59,0,MADERA,CA,0.00%,Fully Booked,2021-02-24T18:37:51.543,2021-02-25 01:38:15.266421
60,0,MARYSVILLE,CA,0.00%,Fully Booked,2021-02-24T18:37:51.543,2021-02-25 01:38:15.266421
61,0,MENIFEE,CA,0.00%,Fully Booked,2021-02-24T18:37:51.543,2021-02-25 01:38:15.266421
62,0,MERCED,CA,0.00%,Available,2021-02-24T18:37:51.543,2021-02-25 01:38:15.266421
63,0,MISSION VIEJO,CA,0.00%,Fully Booked,2021-02-24T18:37:51.543,2021-02-25 01:38:15.266421
64,0,MODESTO,CA,0.00%,Available,2021-02-24T18:37:51.543,2021-02-25 01:38:15.266421
65,0,MONTCLAIR,CA,0.00%,Fully Booked,2021-02-24T18:37:51.543,2021-02-25 01:38:15.266421
66,0,MONTEREY,CA,0.00%,Fully Booked,2021-02-24T18:37:51.543,2021-02-25 01:38:15.266421
67,0,MOUNT SHASTA,CA,0.00%,Fully Booked,2021-02-24T18:37:51.543,2021-02-25 01:38:15.266421
68,0,MOUNTAIN VIEW,CA,0.00%,Fully Booked,2021-02-24T18:37:51.543,2021-02-25 01:38:15.266421
69,0,MURRIETA,CA,0.00%,Available,2021-02-24T18:37:51.543,2021-02-25 01:38:15.266421
70,0,NEWBURY PARK,CA,0.00%,Fully Booked,2021-02-24T18:37:51.543,2021-02-25 01:38:15.266421
71,0,NORCO,CA,0.00%,Available,2021-02-24T18:37:51.543,2021-02-25 01:38:15.266421
72,0,NORTH HOLLYWOOD,CA,0.00%,Available,2021-02-24T18:37:51.543,2021-02-25 01:38:15.266421
73,0,OAKLAND,CA,0.00%,Available,2021-02-24T18:37:51.543,2021-02-25 01:38:15.266421
74,0,OCEANSIDE,CA,0.00%,Available,2021-02-24T18:37:51.543,2021-02-25 01:38:15.266421
75,0,PALMDALE,CA,0.00%,Available,2021-02-24T18:37:51.543,2021-02-25 01:38:15.266421
76,0,PALO ALTO,CA,0.00%,Fully Booked,2021-02-24T18:37:51.543,2021-02-25 01:38:15.266421
77,0,PASADENA,CA,0.00%,Fully Booked,2021-02-24T18:37:51.543,2021-02-25 01:38:15.266421
78,0,PLACENTIA,CA,0.00%,Fully Booked,2021-02-24T18:37:51.543,2021-02-25 01:38:15.266421
79,0,PLEASANTON,CA,0.00%,Fully Booked,2021-02-24T18:37:51.543,2021-02-25 01:38:15.266421
80,0,POMONA,CA,0.00%,Available,2021-02-24T18:37:51.543,2021-02-25 01:38:15.266421
81,0,PORTERVILLE,CA,0.00%,Fully Booked,2021-02-24T18:37:51.543,2021-02-25 01:38:15.266421
82,0,POWAY,CA,0.00%,Fully Booked,2021-02-24T18:37:51.543,2021-02-25 01:38:15.266421
83,0,RANCHO BERNARDO,CA,0.00%,Fully Booked,2021-02-24T18:37:51.543,2021-02-25 01:38:15.266421
84,0,RANCHO CUCAMONGA,CA,0.00%,Available,2021-02-24T18:37:51.543,2021-02-25 01:38:15.266421
85,0,RED BLUFF,CA,0.00%,Fully Booked,2021-02-24T18:37:51.543,2021-02-25 01:38:15.266421
86,0,REDDING,CA,0.00%,Fully Booked,2021-02-24T18:37:51.543,2021-02-25 01:38:15.266421
87,0,REDONDO BEACH,CA,0.00%,Fully Booked,2021-02-24T18:37:51.543,2021-02-25 01:38:15.266421
88,0,REDWOOD CITY,CA,0.00%,Fully Booked,2021-02-24T18:37:51.543,2021-02-25 01:38:15.266421
89,0,RICHMOND,CA,0.00%,Available,2021-02-24T18:37:51.543,2021-02-25 01:38:15.266421
90,0,RIVERSIDE,CA,0.00%,Fully Booked,2021-02-24T18:37:51.543,2021-02-25 01:38:15.266421
91,0,ROCKLIN,CA,0.00%,Fully Booked,2021-02-24T18:37:51.543,2021-02-25 01:38:15.266421
92,0,ROHNERT PARK,CA,0.00%,Fully Booked,2021-02-24T18:37:51.543,2021-02-25 01:38:15.266421
93,0,SACRAMENTO,CA,0.00%,Fully Booked,2021-02-24T18:37:51.543,2021-02-25 01:38:15.266421
94,0,SALINAS,CA,0.00%,Fully Booked,2021-02-24T18:37:51.543,2021-02-25 01:38:15.266421
95,0,SAN ANSELMO,CA,0.00%,Fully Booked,2021-02-24T18:37:51.543,2021-02-25 01:38:15.266421
96,0,SAN BERNARDINO,CA,0.00%,Fully Booked,2021-02-24T18:37:51.543,2021-02-25 01:38:15.266421
97,0,SAN CLEMENTE,CA,0.00%,Fully Booked,2021-02-24T18:37:51.543,2021-02-25 01:38:15.266421
98,0,SAN DIEGO,CA,0.00%,Available,2021-02-24T18:37:51.543,2021-02-25 01:38:15.266421
99,0,SAN DIMAS,CA,0.00%,Fully Booked,2021-02-24T18:37:51.543,2021-02-25 01:38:15.266421
100,0,SAN FRANCISCO,CA,0.00%,Fully Booked,2021-02-24T18:37:51.543,2021-02-25 01:38:15.266421
101,0,SAN JOSE,CA,0.00%,Available,2021-02-24T18:37:51.543,2021-02-25 01:38:15.266421
102,0,SAN LEANDRO,CA,0.00%,Available,2021-02-24T18:37:51.543,2021-02-25 01:38:15.266421
103,0,SAN MARCOS,CA,0.00%,Fully Booked,2021-02-24T18:37:51.543,2021-02-25 01:38:15.266421
104,0,SAN RAFAEL,CA,0.00%,Available,2021-02-24T18:37:51.543,2021-02-25 01:38:15.266421
105,0,SANTA CLARA,CA,0.00%,Fully Booked,2021-02-24T18:37:51.543,2021-02-25 01:38:15.266421
106,0,SANTA CLARITA,CA,0.00%,Fully Booked,2021-02-24T18:37:51.543,2021-02-25 01:38:15.266421
107,0,SANTA MARIA,CA,0.00%,Fully Booked,2021-02-24T18:37:51.543,2021-02-25 01:38:15.266421
108,0,SANTEE,CA,0.00%,Fully Booked,2021-02-24T18:37:51.543,2021-02-25 01:38:15.266421
109,0,SEAL BEACH,CA,0.00%,Fully Booked,2021-02-24T18:37:51.543,2021-02-25 01:38:15.266421
110,0,SONOMA,CA,0.00%,Fully Booked,2021-02-24T18:37:51.543,2021-02-25 01:38:15.266421
111,0,SONORA,CA,0.00%,Fully Booked,2021-02-24T18:37:51.543,2021-02-25 01:38:15.266421
112,0,SPRING VALLEY,CA,0.00%,Available,2021-02-24T18:37:51.543,2021-02-25 01:38:15.266421
113,0,STOCKTON,CA,0.00%,Fully Booked,2021-02-24T18:37:51.543,2021-02-25 01:38:15.266421
114,0,TEMPLE CITY,CA,0.00%,Fully Booked,2021-02-24T18:37:51.543,2021-02-25 01:38:15.266421
115,0,TULARE,CA,0.00%,Fully Booked,2021-02-24T18:37:51.543,2021-02-25 01:38:15.266421
116,0,UKIAH,CA,0.00%,Fully Booked,2021-02-24T18:37:51.543,2021-02-25 01:38:15.266421
117,0,UPLAND,CA,0.00%,Available,2021-02-24T18:37:51.543,2021-02-25 01:38:15.266421
118,0,VALLEJO,CA,0.00%,Fully Booked,2021-02-24T18:37:51.543,2021-02-25 01:38:15.266421
119,0,VENTURA,CA,0.00%,Fully Booked,2021-02-24T18:37:51.543,2021-02-25 01:38:15.266421
120,0,VICTORVILLE,CA,0.00%,Fully Booked,2021-02-24T18:37:51.543,2021-02-25 01:38:15.266421
121,0,VISALIA,CA,0.00%,Available,2021-02-24T18:37:51.543,2021-02-25 01:38:15.266421
122,0,WALNUT PARK,CA,0.00%,Fully Booked,2021-02-24T18:37:51.543,2021-02-25 01:38:15.266421
123,0,WEST COVINA,CA,0.00%,Fully Booked,2021-02-24T18:37:51.543,2021-02-25 01:38:15.266421
124,0,WEST HOLLYWOOD,CA,0.00%,Fully Booked,2021-02-24T18:37:51.543,2021-02-25 01:38:15.266421
125,0,WOODLAND,CA,0.00%,Fully Booked,2021-02-24T18:37:51.543,2021-02-25 01:38:15.266421
126,0,YORBA LINDA,CA,0.00%,Fully Booked,2021-02-24T18:37:51.543,2021-02-25 01:38:15.266421
127,0,YUBA CITY,CA,0.00%,Fully Booked,2021-02-24T18:37:51.543,2021-02-25 01:38:15.266421
0,0,AURORA,CO,0.00%,Fully Booked,2021-02-24T18:30:00.502,2021-02-25 01:38:15.266421
1,0,GLENDALE,CO,0.00%,Fully Booked,2021-02-24T18:30:00.502,2021-02-25 01:38:15.266421
2,0,GREELEY,CO,0.00%,Fully Booked,2021-02-24T18:30:00.502,2021-02-25 01:38:15.266421
0,0,ATLANTA,GA,0.00%,Fully Booked,2021-02-24T18:30:00.502,2021-02-25 01:38:15.266421
1,0,AUGUSTA,GA,0.00%,Fully Booked,2021-02-24T18:30:00.502,2021-02-25 01:38:15.266421
2,0,BUFORD,GA,0.00%,Fully Booked,2021-02-24T18:30:00.502,2021-02-25 01:38:15.266421
3,0,CANTON,GA,0.00%,Fully Booked,2021-02-24T18:30:00.502,2021-02-25 01:38:15.266421
4,0,COLUMBUS,GA,0.00%,Fully Booked,2021-02-24T18:30:00.502,2021-02-25 01:38:15.266421
5,0,CUMMING,GA,0.00%,Fully Booked,2021-02-24T18:30:00.502,2021-02-25 01:38:15.266421
6,0,DALTON,GA,0.00%,Fully Booked,2021-02-24T18:30:00.502,2021-02-25 01:38:15.266421
7,0,GAINESVILLE,GA,0.00%,Fully Booked,2021-02-24T18:30:00.502,2021-02-25 01:38:15.266421
8,0,JONESBORO,GA,0.00%,Fully Booked,2021-02-24T18:30:00.502,2021-02-25 01:38:15.266421
9,0,MARIETTA,GA,0.00%,Fully Booked,2021-02-24T18:30:00.502,2021-02-25 01:38:15.266421
10,0,SAVANNAH,GA,0.00%,Available,2021-02-24T18:30:00.502,2021-02-25 01:38:15.266421
11,0,STONE MOUNTAIN,GA,0.00%,Fully Booked,2021-02-24T18:30:00.502,2021-02-25 01:38:15.266421
0,0,AIEA,HI,0.00%,Fully Booked,2021-02-24T18:38:14.795,2021-02-25 01:38:15.266421
1,0,EWA BEACH,HI,0.00%,Available,2021-02-24T18:38:14.795,2021-02-25 01:38:15.266421
2,0,HILO,HI,0.00%,Fully Booked,2021-02-24T18:38:14.795,2021-02-25 01:38:15.266421
3,0,HONOLULU,HI,0.00%,Available,2021-02-24T18:38:14.795,2021-02-25 01:38:15.266421
4,0,KAHULUI,HI,0.00%,Fully Booked,2021-02-24T18:38:14.795,2021-02-25 01:38:15.266421
5,0,KAILUA KONA,HI,0.00%,Available,2021-02-24T18:38:14.795,2021-02-25 01:38:15.266421
6,0,KANEOHE,HI,0.00%,Fully Booked,2021-02-24T18:38:14.795,2021-02-25 01:38:15.266421
7,0,KAPAA,HI,0.00%,Fully Booked,2021-02-24T18:38:14.795,2021-02-25 01:38:15.266421
0,0,BELLEVILLE,IL,0.00%,Fully Booked,2021-02-24T18:30:00.502,2021-02-25 01:38:15.266421
1,0,CHICAGO,IL,0.00%,Fully Booked,2021-02-24T18:30:00.502,2021-02-25 01:38:15.266421
2,0,HOOPESTON,IL,0.00%,Fully Booked,2021-02-24T18:30:00.502,2021-02-25 01:38:15.266421
3,0,MENDOTA,IL,0.00%,Fully Booked,2021-02-24T18:30:00.502,2021-02-25 01:38:15.266421
4,0,PEKIN,IL,0.00%,Fully Booked,2021-02-24T18:30:00.502,2021-02-25 01:38:15.266421
0,0,BALTIMORE,MD,0.00%,Fully Booked,2021-02-24T18:33:49.588,2021-02-25 01:38:15.266421
1,0,BETHESDA,MD,0.00%,Fully Booked,2021-02-24T18:33:49.588,2021-02-25 01:38:15.266421
2,0,BOWIE,MD,0.00%,Fully Booked,2021-02-24T18:33:49.588,2021-02-25 01:38:15.266421
3,0,DUNKIRK,MD,0.00%,Fully Booked,2021-02-24T18:33:49.588,2021-02-25 01:38:15.266421
4,0,EASTON,MD,0.00%,Fully Booked,2021-02-24T18:33:49.588,2021-02-25 01:38:15.266421
5,0,ELDERSBURG,MD,0.00%,Fully Booked,2021-02-24T18:33:49.588,2021-02-25 01:38:15.266421
6,0,ELKTON,MD,0.00%,Fully Booked,2021-02-24T18:33:49.588,2021-02-25 01:38:15.266421
7,0,FREDERICK,MD,0.00%,Fully Booked,2021-02-24T18:33:49.588,2021-02-25 01:38:15.266421
8,0,FULTON,MD,0.00%,Fully Booked,2021-02-24T18:33:49.588,2021-02-25 01:38:15.266421
9,0,HAGERSTOWN,MD,0.00%,Fully Booked,2021-02-24T18:33:49.588,2021-02-25 01:38:15.266421
10,0,HAVRE DE GRACE,MD,0.00%,Fully Booked,2021-02-24T18:33:49.588,2021-02-25 01:38:15.266421
11,0,HYATTSVILLE,MD,0.00%,Fully Booked,2021-02-24T18:33:49.588,2021-02-25 01:38:15.266421
12,0,LANHAM,MD,0.00%,Fully Booked,2021-02-24T18:33:49.588,2021-02-25 01:38:15.266421
13,0,LEONARDTOWN,MD,0.00%,Fully Booked,2021-02-24T18:33:49.588,2021-02-25 01:38:15.266421
14,0,MILLERSVILLE,MD,0.00%,Fully Booked,2021-02-24T18:33:49.588,2021-02-25 01:38:15.266421
15,0,NEW CARROLLTON,MD,0.00%,Fully Booked,2021-02-24T18:33:49.588,2021-02-25 01:38:15.266421
16,0,OCEAN CITY,MD,0.00%,Fully Booked,2021-02-24T18:33:49.588,2021-02-25 01:38:15.266421
17,0,REISTERSTOWN,MD,0.00%,Fully Booked,2021-02-24T18:33:49.588,2021-02-25 01:38:15.266421
18,0,WHEATON,MD,0.00%,Fully Booked,2021-02-24T18:33:49.588,2021-02-25 01:38:15.266421
19,0,WHITE PLAINS,MD,0.00%,Fully Booked,2021-02-24T18:33:49.588,2021-02-25 01:38:15.266421
0,0,BRIGANTINE,NJ,0.00%,Fully Booked,2021-02-24T18:35:01.496,2021-02-25 01:38:15.266421
1,0,BROWNS MILLS,NJ,0.00%,Fully Booked,2021-02-24T18:35:01.496,2021-02-25 01:38:15.266421
2,0,CEDAR GROVE,NJ,0.00%,Fully Booked,2021-02-24T18:35:01.496,2021-02-25 01:38:15.266421
3,0,CHATHAM,NJ,0.00%,Fully Booked,2021-02-24T18:35:01.496,2021-02-25 01:38:15.266421
4,0,DUMONT,NJ,0.00%,Fully Booked,2021-02-24T18:35:01.496,2021-02-25 01:38:15.266421
5,0,EAST BRUNSWICK,NJ,0.00%,Fully Booked,2021-02-24T18:35:01.496,2021-02-25 01:38:15.266421
6,0,EDISON,NJ,0.00%,Fully Booked,2021-02-24T18:35:01.496,2021-02-25 01:38:15.266421
7,0,ELIZABETH,NJ,0.00%,Fully Booked,2021-02-24T18:35:01.496,2021-02-25 01:38:15.266421
8,0,ENGLEWOOD,NJ,0.00%,Fully Booked,2021-02-24T18:35:01.496,2021-02-25 01:38:15.266421
9,0,EWING,NJ,0.00%,Fully Booked,2021-02-24T18:35:01.496,2021-02-25 01:38:15.266421
10,0,FLEMINGTON,NJ,0.00%,Fully Booked,2021-02-24T18:35:01.496,2021-02-25 01:38:15.266421
11,0,GIBBSBORO,NJ,0.00%,Fully Booked,2021-02-24T18:35:01.496,2021-02-25 01:38:15.266421
12,0,GLASSBORO,NJ,0.00%,Fully Booked,2021-02-24T18:35:01.496,2021-02-25 01:38:15.266421
13,0,GREEN BROOK,NJ,0.00%,Fully Booked,2021-02-24T18:35:01.496,2021-02-25 01:38:15.266421
14,0,HACKETTSTOWN,NJ,0.00%,Fully Booked,2021-02-24T18:35:01.496,2021-02-25 01:38:15.266421
15,0,HARRISON TOWNSHIP,NJ,0.00%,Fully Booked,2021-02-24T18:35:01.496,2021-02-25 01:38:15.266421
16,0,HAZLET,NJ,0.00%,Fully Booked,2021-02-24T18:35:01.496,2021-02-25 01:38:15.266421
17,0,HIGHLANDS,NJ,0.00%,Fully Booked,2021-02-24T18:35:01.496,2021-02-25 01:38:15.266421
18,0,LAWRENCEVILLE,NJ,0.00%,Fully Booked,2021-02-24T18:35:01.496,2021-02-25 01:38:15.266421
19,0,LEDGEWOOD,NJ,0.00%,Fully Booked,2021-02-24T18:35:01.496,2021-02-25 01:38:15.266421
20,0,LODI,NJ,0.00%,Fully Booked,2021-02-24T18:35:01.496,2021-02-25 01:38:15.266421
21,0,LONG BRANCH,NJ,0.00%,Fully Booked,2021-02-24T18:35:01.496,2021-02-25 01:38:15.266421
22,0,NORTH BRUNSWICK,NJ,0.00%,Fully Booked,2021-02-24T18:35:01.496,2021-02-25 01:38:15.266421
23,0,NORTH PLAINFIELD,NJ,0.00%,Fully Booked,2021-02-24T18:35:01.496,2021-02-25 01:38:15.266421
24,0,NORTHVALE,NJ,0.00%,Fully Booked,2021-02-24T18:35:01.496,2021-02-25 01:38:15.266421
25,0,PENNSAUKEN,NJ,0.00%,Fully Booked,2021-02-24T18:35:01.496,2021-02-25 01:38:15.266421
26,0,PLAINSBORO,NJ,0.00%,Fully Booked,2021-02-24T18:35:01.496,2021-02-25 01:38:15.266421
27,0,PRINCETON,NJ,0.00%,Fully Booked,2021-02-24T18:35:01.496,2021-02-25 01:38:15.266421
28,0,RINGWOOD,NJ,0.00%,Fully Booked,2021-02-24T18:35:01.496,2021-02-25 01:38:15.266421
29,0,SEASIDE HEIGHTS,NJ,0.00%,Fully Booked,2021-02-24T18:35:01.496,2021-02-25 01:38:15.266421
30,0,TABERNACLE,NJ,0.00%,Fully Booked,2021-02-24T18:35:01.496,2021-02-25 01:38:15.266421
31,0,TEANECK,NJ,0.00%,Fully Booked,2021-02-24T18:35:01.496,2021-02-25 01:38:15.266421
32,0,UNION,NJ,0.00%,Fully Booked,2021-02-24T18:35:01.496,2021-02-25 01:38:15.266421
33,0,UNION CITY,NJ,0.00%,Fully Booked,2021-02-24T18:35:01.496,2021-02-25 01:38:15.266421
34,0,VERNON,NJ,0.00%,Fully Booked,2021-02-24T18:35:01.496,2021-02-25 01:38:15.266421
35,0,VILLAS,NJ,0.00%,Fully Booked,2021-02-24T18:35:01.496,2021-02-25 01:38:15.266421
36,0,VINELAND,NJ,0.00%,Fully Booked,2021-02-24T18:35:01.496,2021-02-25 01:38:15.266421
37,0,VOORHEES,NJ,0.00%,Fully Booked,2021-02-24T18:35:01.496,2021-02-25 01:38:15.266421
38,0,WEST ORANGE,NJ,0.00%,Fully Booked,2021-02-24T18:35:01.496,2021-02-25 01:38:15.266421
39,0,WHITING,NJ,0.00%,Fully Booked,2021-02-24T18:35:01.496,2021-02-25 01:38:15.266421
40,0,WILLINGBORO,NJ,0.00%,Fully Booked,2021-02-24T18:35:01.496,2021-02-25 01:38:15.266421
0,0,ABILENE,TX,0.00%,Fully Booked,2021-02-24T18:36:03.348,2021-02-25 01:38:15.266421
1,0,ALVARADO,TX,0.00%,Fully Booked,2021-02-24T18:36:03.348,2021-02-25 01:38:15.266421
2,0,AMARILLO,TX,0.00%,Fully Booked,2021-02-24T18:36:03.348,2021-02-25 01:38:15.266421
3,0,ARLINGTON,TX,0.00%,Fully Booked,2021-02-24T18:36:03.348,2021-02-25 01:38:15.266421
4,0,ATHENS,TX,0.00%,Fully Booked,2021-02-24T18:36:03.348,2021-02-25 01:38:15.266421
5,0,ATLANTA,TX,0.00%,Available,2021-02-24T18:36:03.348,2021-02-25 01:38:15.266421
6,0,AUSTIN,TX,0.00%,Fully Booked,2021-02-24T18:36:03.348,2021-02-25 01:38:15.266421
7,0,BAY CITY,TX,0.00%,Fully Booked,2021-02-24T18:36:03.348,2021-02-25 01:38:15.266421
8,0,BEAUMONT,TX,0.00%,Fully Booked,2021-02-24T18:36:03.348,2021-02-25 01:38:15.266421
9,0,BORGER,TX,0.00%,Available,2021-02-24T18:36:03.348,2021-02-25 01:38:15.266421
10,0,BROWNSVILLE,TX,0.00%,Fully Booked,2021-02-24T18:36:03.348,2021-02-25 01:38:15.266421
11,0,BRYAN,TX,0.00%,Fully Booked,2021-02-24T18:36:03.348,2021-02-25 01:38:15.266421
12,0,CANTON,TX,0.00%,Fully Booked,2021-02-24T18:36:03.348,2021-02-25 01:38:15.266421
13,0,CANYON LAKE,TX,0.00%,Fully Booked,2021-02-24T18:36:03.348,2021-02-25 01:38:15.266421
14,0,CEDAR HILL,TX,0.00%,Fully Booked,2021-02-24T18:36:03.348,2021-02-25 01:38:15.266421
15,0,CLEVELAND,TX,0.00%,Fully Booked,2021-02-24T18:36:03.348,2021-02-25 01:38:15.266421
16,0,CORSICANA,TX,0.00%,Fully Booked,2021-02-24T18:36:03.348,2021-02-25 01:38:15.266421
17,0,CROWLEY,TX,0.00%,Fully Booked,2021-02-24T18:36:03.348,2021-02-25 01:38:15.266421
18,0,CYPRESS,TX,0.00%,Fully Booked,2021-02-24T18:36:03.348,2021-02-25 01:38:15.266421
19,0,DECATUR,TX,0.00%,Fully Booked,2021-02-24T18:36:03.348,2021-02-25 01:38:15.266421
20,0,DENISON,TX,0.00%,Fully Booked,2021-02-24T18:36:03.348,2021-02-25 01:38:15.266421
21,0,EL PASO,TX,0.00%,Fully Booked,2021-02-24T18:36:03.348,2021-02-25 01:38:15.266421
22,0,ELGIN,TX,0.00%,Fully Booked,2021-02-24T18:36:03.348,2021-02-25 01:38:15.266421
23,0,ELSA,TX,0.00%,Fully Booked,2021-02-24T18:36:03.348,2021-02-25 01:38:15.266421
24,0,FORNEY,TX,0.00%,Fully Booked,2021-02-24T18:36:03.348,2021-02-25 01:38:15.266421
25,0,FORT WORTH,TX,0.00%,Fully Booked,2021-02-24T18:36:03.348,2021-02-25 01:38:15.266421
26,0,GARLAND,TX,0.00%,Fully Booked,2021-02-24T18:36:03.348,2021-02-25 01:38:15.266421
27,0,GEORGETOWN,TX,0.00%,Fully Booked,2021-02-24T18:36:03.348,2021-02-25 01:38:15.266421
28,0,GLADEWATER,TX,0.00%,Fully Booked,2021-02-24T18:36:03.348,2021-02-25 01:38:15.266421
29,0,GRANBURY,TX,0.00%,Fully Booked,2021-02-24T18:36:03.348,2021-02-25 01:38:15.266421
30,0,GRAND PRAIRIE,TX,0.00%,Fully Booked,2021-02-24T18:36:03.348,2021-02-25 01:38:15.266421
31,0,GREENVILLE,TX,0.00%,Fully Booked,2021-02-24T18:36:03.348,2021-02-25 01:38:15.266421
32,0,HOUSTON,TX,0.00%,Fully Booked,2021-02-24T18:36:03.348,2021-02-25 01:38:15.266421
33,0,HUNTSVILLE,TX,0.00%,Fully Booked,2021-02-24T18:36:03.348,2021-02-25 01:38:15.266421
34,0,JACINTO CITY,TX,0.00%,Fully Booked,2021-02-24T18:36:03.348,2021-02-25 01:38:15.266421
35,0,KATY,TX,0.00%,Fully Booked,2021-02-24T18:36:03.348,2021-02-25 01:38:15.266421
36,0,KINGSVILLE,TX,0.00%,Fully Booked,2021-02-24T18:36:03.348,2021-02-25 01:38:15.266421
37,0,LA MARQUE,TX,0.00%,Fully Booked,2021-02-24T18:36:03.348,2021-02-25 01:38:15.266421
38,0,LAKE WORTH,TX,0.00%,Fully Booked,2021-02-24T18:36:03.348,2021-02-25 01:38:15.266421
39,0,LAKEWAY,TX,0.00%,Fully Booked,2021-02-24T18:36:03.348,2021-02-25 01:38:15.266421
40,0,LAREDO,TX,0.00%,Fully Booked,2021-02-24T18:36:03.348,2021-02-25 01:38:15.266421
41,0,LIVINGSTON,TX,0.00%,Fully Booked,2021-02-24T18:36:03.348,2021-02-25 01:38:15.266421
42,0,LUBBOCK,TX,0.00%,Available,2021-02-24T18:36:03.348,2021-02-25 01:38:15.266421
43,0,LUFKIN,TX,0.00%,Fully Booked,2021-02-24T18:36:03.348,2021-02-25 01:38:15.266421
44,0,MANSFIELD,TX,0.00%,Fully Booked,2021-02-24T18:36:03.348,2021-02-25 01:38:15.266421
45,0,MARSHALL,TX,0.00%,Fully Booked,2021-02-24T18:36:03.348,2021-02-25 01:38:15.266421
46,0,MATHIS,TX,0.00%,Fully Booked,2021-02-24T18:36:03.348,2021-02-25 01:38:15.266421
47,0,MESQUITE,TX,0.00%,Fully Booked,2021-02-24T18:36:03.348,2021-02-25 01:38:15.266421
48,0,MIDLAND,TX,0.00%,Fully Booked,2021-02-24T18:36:03.348,2021-02-25 01:38:15.266421
49,0,MINEOLA,TX,0.00%,Fully Booked,2021-02-24T18:36:03.348,2021-02-25 01:38:15.266421
50,0,MINERAL WELLS,TX,0.00%,Fully Booked,2021-02-24T18:36:03.348,2021-02-25 01:38:15.266421
51,0,NEW BRAUNFELS,TX,0.00%,Fully Booked,2021-02-24T18:36:03.348,2021-02-25 01:38:15.266421
52,0,ODESSA,TX,0.00%,Fully Booked,2021-02-24T18:36:03.348,2021-02-25 01:38:15.266421
53,0,ORANGE,TX,0.00%,Fully Booked,2021-02-24T18:36:03.348,2021-02-25 01:38:15.266421
54,0,PARIS,TX,0.00%,Fully Booked,2021-02-24T18:36:03.348,2021-02-25 01:38:15.266421
55,0,PASADENA,TX,0.00%,Fully Booked,2021-02-24T18:36:03.348,2021-02-25 01:38:15.266421
56,0,PEARLAND,TX,0.00%,Fully Booked,2021-02-24T18:36:03.348,2021-02-25 01:38:15.266421
57,0,PFLUGERVILLE,TX,0.00%,Fully Booked,2021-02-24T18:36:03.348,2021-02-25 01:38:15.266421
58,0,PHARR,TX,0.00%,Fully Booked,2021-02-24T18:36:03.348,2021-02-25 01:38:15.266421
59,0,PLANO,TX,0.00%,Fully Booked,2021-02-24T18:36:03.348,2021-02-25 01:38:15.266421
60,0,PRINCETON,TX,0.00%,Fully Booked,2021-02-24T18:36:03.348,2021-02-25 01:38:15.266421
61,0,RED OAK,TX,0.00%,Fully Booked,2021-02-24T18:36:03.348,2021-02-25 01:38:15.266421
62,0,RICHARDSON,TX,0.00%,Fully Booked,2021-02-24T18:36:03.348,2021-02-25 01:38:15.266421
63,0,RICHMOND,TX,0.00%,Fully Booked,2021-02-24T18:36:03.348,2021-02-25 01:38:15.266421
64,0,ROANOKE,TX,0.00%,Fully Booked,2021-02-24T18:36:03.348,2021-02-25 01:38:15.266421
65,0,ROBSTOWN,TX,0.00%,Fully Booked,2021-02-24T18:36:03.348,2021-02-25 01:38:15.266421
66,0,ROCKWALL,TX,0.00%,Fully Booked,2021-02-24T18:36:03.348,2021-02-25 01:38:15.266421
67,0,ROWLETT,TX,0.00%,Fully Booked,2021-02-24T18:36:03.348,2021-02-25 01:38:15.266421
68,0,SAN ANGELO,TX,0.00%,Fully Booked,2021-02-24T18:36:03.348,2021-02-25 01:38:15.266421
69,0,SAN ANTONIO,TX,0.00%,Fully Booked,2021-02-24T18:36:03.348,2021-02-25 01:38:15.266421
70,0,SAN MARCOS,TX,0.00%,Fully Booked,2021-02-24T18:36:03.348,2021-02-25 01:38:15.266421
71,0,SCHERTZ,TX,0.00%,Fully Booked,2021-02-24T18:36:03.348,2021-02-25 01:38:15.266421
72,0,SEABROOK,TX,0.00%,Fully Booked,2021-02-24T18:36:03.348,2021-02-25 01:38:15.266421
73,0,SHERMAN,TX,0.00%,Fully Booked,2021-02-24T18:36:03.348,2021-02-25 01:38:15.266421
74,0,SILSBEE,TX,0.00%,Fully Booked,2021-02-24T18:36:03.348,2021-02-25 01:38:15.266421
75,0,STEPHENVILLE,TX,0.00%,Fully Booked,2021-02-24T18:36:03.348,2021-02-25 01:38:15.266421
76,0,SULPHUR SPRINGS,TX,0.00%,Fully Booked,2021-02-24T18:36:03.348,2021-02-25 01:38:15.266421
77,0,TEMPLE,TX,0.00%,Fully Booked,2021-02-24T18:36:03.348,2021-02-25 01:38:15.266421
78,0,TEXARKANA,TX,0.00%,Fully Booked,2021-02-24T18:36:03.348,2021-02-25 01:38:15.266421
79,0,THE WOODLANDS,TX,0.00%,Fully Booked,2021-02-24T18:36:03.348,2021-02-25 01:38:15.266421
80,0,TOMBALL,TX,0.00%,Fully Booked,2021-02-24T18:36:03.348,2021-02-25 01:38:15.266421
81,0,TYLER,TX,0.00%,Fully Booked,2021-02-24T18:36:03.348,2021-02-25 01:38:15.266421
82,0,WACO,TX,0.00%,Fully Booked,2021-02-24T18:36:03.348,2021-02-25 01:38:15.266421
83,0,WEATHERFORD,TX,0.00%,Fully Booked,2021-02-24T18:36:03.348,2021-02-25 01:38:15.266421
84,0,WICHITA FALLS,TX,0.00%,Fully Booked,2021-02-24T18:36:03.348,2021-02-25 01:38:15.266421
0,0,DOVER,DE,0.00%,Fully Booked,2021-02-24T18:35:00.536,2021-02-25 01:38:15.266421
1,0,OCEAN VIEW,DE,0.00%,Fully Booked,2021-02-24T18:35:00.536,2021-02-25 01:38:15.266421
2,0,WILMINGTON,DE,0.00%,Fully Booked,2021-02-24T18:35:00.536,2021-02-25 01:38:15.266421
0,0,BELLE GLADE,FL,0.00%,Fully Booked,2021-02-24T18:37:12.114,2021-02-25 01:38:15.266421
1,0,BRADENTON,FL,0.00%,Fully Booked,2021-02-24T18:37:12.114,2021-02-25 01:38:15.266421
2,0,CLEWISTON,FL,0.00%,Fully Booked,2021-02-24T18:37:12.114,2021-02-25 01:38:15.266421
3,0,DAYTONA BEACH,FL,0.00%,Fully Booked,2021-02-24T18:37:12.114,2021-02-25 01:38:15.266421
4,0,DORAL,FL,0.00%,Available,2021-02-24T18:37:12.114,2021-02-25 01:38:15.266421
5,0,FORT PIERCE,FL,0.00%,Fully Booked,2021-02-24T18:37:12.114,2021-02-25 01:38:15.266421
6,0,HAINES CITY,FL,0.00%,Fully Booked,2021-02-24T18:37:12.114,2021-02-25 01:38:15.266421
7,0,HIALEAH,FL,0.00%,Available,2021-02-24T18:37:12.114,2021-02-25 01:38:15.266421
8,0,HOMESTEAD,FL,0.00%,Available,2021-02-24T18:37:12.114,2021-02-25 01:38:15.266421
9,0,LAKELAND,FL,0.00%,Fully Booked,2021-02-24T18:37:12.114,2021-02-25 01:38:15.266421
10,0,MIAMI,FL,0.00%,Available,2021-02-24T18:37:12.114,2021-02-25 01:38:15.266421
11,0,MIAMI BEACH,FL,0.00%,Available,2021-02-24T18:37:12.114,2021-02-25 01:38:15.266421
12,0,MIAMI GARDENS,FL,0.00%,Available,2021-02-24T18:37:12.114,2021-02-25 01:38:15.266421
13,0,MIAMI LAKES,FL,0.00%,Available,2021-02-24T18:37:12.114,2021-02-25 01:38:15.266421
14,0,NAPLES,FL,0.00%,Fully Booked,2021-02-24T18:37:12.114,2021-02-25 01:38:15.266421
15,0,NORTH MIAMI,FL,0.00%,Available,2021-02-24T18:37:12.114,2021-02-25 01:38:15.266421
16,0,NORTH MIAMI BEACH,FL,0.00%,Available,2021-02-24T18:37:12.114,2021-02-25 01:38:15.266421
17,0,PALM COAST,FL,0.00%,Fully Booked,2021-02-24T18:37:12.114,2021-02-25 01:38:15.266421
18,0,PENSACOLA,FL,0.00%,Available,2021-02-24T18:37:12.114,2021-02-25 01:38:15.266421
19,0,PLANT CITY,FL,0.00%,Fully Booked,2021-02-24T18:37:12.114,2021-02-25 01:38:15.266421
20,0,PLANTATION,FL,0.00%,Fully Booked,2021-02-24T18:37:12.114,2021-02-25 01:38:15.266421
21,0,QUINCY,FL,0.00%,Available,2021-02-24T18:37:12.114,2021-02-25 01:38:15.266421
22,0,SUNNY ISLES BEACH,FL,0.00%,Available,2021-02-24T18:37:12.114,2021-02-25 01:38:15.266421
23,0,TAMARAC,FL,0.00%,Fully Booked,2021-02-24T18:37:12.114,2021-02-25 01:38:15.266421
0,0,APACHE JUNCTION,AZ,0.00%,Fully Booked,2021-02-24T18:37:17.440,2021-02-25 01:38:15.266421
1,0,BULLHEAD CITY,AZ,0.00%,Fully Booked,2021-02-24T18:37:17.440,2021-02-25 01:38:15.266421
2,0,CHANDLER,AZ,0.00%,Fully Booked,2021-02-24T18:37:17.440,2021-02-25 01:38:15.266421
3,0,LAVEEN,AZ,0.00%,Fully Booked,2021-02-24T18:37:17.440,2021-02-25 01:38:15.266421
4,0,PHOENIX,AZ,0.00%,Fully Booked,2021-02-24T18:37:17.440,2021-02-25 01:38:15.266421
5,0,SURPRISE,AZ,0.00%,Fully Booked,2021-02-24T18:37:17.440,2021-02-25 01:38:15.266421
6,0,TUCSON,AZ,0.00%,Fully Booked,2021-02-24T18:37:17.440,2021-02-25 01:38:15.266421
7,0,YUMA,AZ,0.00%,Available,2021-02-24T18:37:17.440,2021-02-25 01:38:15.266421
0,0,BAYOU LA BATRE,AL,0.00%,Available,2021-02-24T18:35:00.531,2021-02-25 01:38:15.266421
1,0,CAMDEN,AL,0.00%,Available,2021-02-24T18:35:00.531,2021-02-25 01:38:15.266421
2,0,EVERGREEN,AL,0.00%,Available,2021-02-24T18:35:00.531,2021-02-25 01:38:15.266421
3,0,GREENSBORO,AL,0.00%,Available,2021-02-24T18:35:00.531,2021-02-25 01:38:15.266421
4,0,JACKSON,AL,0.00%,Available,2021-02-24T18:35:00.531,2021-02-25 01:38:15.266421
5,0,LANETT,AL,0.00%,Available,2021-02-24T18:35:00.531,2021-02-25 01:38:15.266421
6,0,MOULTON,AL,0.00%,Fully Booked,2021-02-24T18:35:00.531,2021-02-25 01:38:15.266421
7,0,TUSKEGEE,AL,0.00%,Available,2021-02-24T18:35:00.531,2021-02-25 01:38:15.266421
8,0,UNION SPRINGS,AL,0.00%,Available,2021-02-24T18:35:00.531,2021-02-25 01:38:15.266421
0,0,BATON ROUGE,LA,0.00%,Available,2021-02-24T18:30:00.519,2021-02-25 01:38:15.266421
1,0,DONALDSONVILLE,LA,0.00%,Available,2021-02-24T18:30:00.519,2021-02-25 01:38:15.266421
2,0,HAMMOND,LA,0.00%,Available,2021-02-24T18:30:00.519,2021-02-25 01:38:15.266421
3,0,LAFAYETTE,LA,0.00%,Available,2021-02-24T18:30:00.519,2021-02-25 01:38:15.266421
4,0,METAIRIE,LA,0.00%,Available,2021-02-24T18:30:00.519,2021-02-25 01:38:15.266421
5,0,NEW ORLEANS,LA,0.00%,Available,2021-02-24T18:30:00.519,2021-02-25 01:38:15.266421
6,0,SHREVEPORT,LA,0.00%,Available,2021-02-24T18:30:00.519,2021-02-25 01:38:15.266421
0,0,CHAMBERSBURG,PA,0.00%,Fully Booked,2021-02-24T18:35:00.531,2021-02-25 01:38:15.266421
1,0,ENOLA,PA,0.00%,Fully Booked,2021-02-24T18:35:00.531,2021-02-25 01:38:15.266421
2,0,NEW KENSINGTON,PA,0.00%,Fully Booked,2021-02-24T18:35:00.531,2021-02-25 01:38:15.266421
3,0,READING,PA,0.00%,Fully Booked,2021-02-24T18:35:00.531,2021-02-25 01:38:15.266421
4,0,WEST CHESTER,PA,0.00%,Fully Booked,2021-02-24T18:35:00.531,2021-02-25 01:38:15.266421
5,0,YORK,PA,0.00%,Fully Booked,2021-02-24T18:35:00.531,2021-02-25 01:38:15.266421
